Workbook

Sheet Sales & Targets
B1: STORE SALES | F1: STORE TARGETS
B2: A | C2: B | D2: C | F2: A | G2: B | H2: C
A3: Jan | B3: 1 | C3: 2 | D3: 3 | F3: 2 | G3: 2 | H3: 4
A4: Feb | B4: 4 | C4: 5 | D4: 6 | F4: 6 | G4: 5 | H4: 8
A5: Mar | B5: 7 | C5: 8 | D5: 9 | F5: 3 | G5: 3 | H5: 6
A6: Apr
A7: May
A8: June
A9: July
A10: Aug
A11: Sept
A12: Oct
A13: Nov
A14: Dec

Sheet Targets Met
B1: TARGET MET
B2: A | C2: B | D2: C
A3: =IF(ISBLANK('Sales & Targets'!A3),"", 'Sales & Targets'!A3) -> Jan | B3: =IF(NOT(ISBLANK('Sales & Targets'!B3)),IF('Sales & Targets'!B3>'Sales & Targets'!F3, "MET", "MISSED"),"") -> MISSED | C3: =IF(NOT(ISBLANK('Sales & Targets'!C3)),IF('Sales & Targets'!C3>'Sales & Targets'!G3, "MET", "MISSED"),"") -> MISSED | D3: =IF(NOT(ISBLANK('Sales & Targets'!D3)),IF('Sales & Targets'!D3>'Sales & Targets'!H3, "MET", "MISSED"),"") -> MISSED
A4: =IF(ISBLANK('Sales & Targets'!A4),"", 'Sales & Targets'!A4) -> Feb | B4: =IF(NOT(ISBLANK('Sales & Targets'!B4)),IF('Sales & Targets'!B4>'Sales & Targets'!F4, "MET", "MISSED"),"") -> MISSED | C4: =IF(NOT(ISBLANK('Sales & Targets'!C4)),IF('Sales & Targets'!C4>'Sales & Targets'!G4, "MET", "MISSED"),"") -> MISSED | D4: =IF(NOT(ISBLANK('Sales & Targets'!D4)),IF('Sales & Targets'!D4>'Sales & Targets'!H4, "MET", "MISSED"),"") -> MISSED
A5: =IF(ISBLANK('Sales & Targets'!A5),"", 'Sales & Targets'!A5) -> Mar | B5: =IF(NOT(ISBLANK('Sales & Targets'!B5)),IF('Sales & Targets'!B5>'Sales & Targets'!F5, "MET", "MISSED"),"") -> MET | C5: =IF(NOT(ISBLANK('Sales & Targets'!C5)),IF('Sales & Targets'!C5>'Sales & Targets'!G5, "MET", "MISSED"),"") -> MET | D5: =IF(NOT(ISBLANK('Sales & Targets'!D5)),IF('Sales & Targets'!D5>'Sales & Targets'!H5, "MET", "MISSED"),"") -> MET
A6: =IF(ISBLANK('Sales & Targets'!A6),"", 'Sales & Targets'!A6) -> Apr | B6: =IF(NOT(ISBLANK('Sales & Targets'!B6)),IF('Sales & Targets'!B6>'Sales & Targets'!F6, "MET", "MISSED"),"") | C6: =IF(NOT(ISBLANK('Sales & Targets'!C6)),IF('Sales & Targets'!C6>'Sales & Targets'!G6, "MET", "MISSED"),"") | D6: =IF(NOT(ISBLANK('Sales & Targets'!D6)),IF('Sales & Targets'!D6>'Sales & Targets'!H6, "MET", "MISSED"),"")
A7: =IF(ISBLANK('Sales & Targets'!A7),"", 'Sales & Targets'!A7) -> May | B7: =IF(NOT(ISBLANK('Sales & Targets'!B7)),IF('Sales & Targets'!B7>'Sales & Targets'!F7, "MET", "MISSED"),"") | C7: =IF(NOT(ISBLANK('Sales & Targets'!C7)),IF('Sales & Targets'!C7>'Sales & Targets'!G7, "MET", "MISSED"),"") | D7: =IF(NOT(ISBLANK('Sales & Targets'!D7)),IF('Sales & Targets'!D7>'Sales & Targets'!H7, "MET", "MISSED"),"")
A8: =IF(ISBLANK('Sales & Targets'!A8),"", 'Sales & Targets'!A8) -> June | B8: =IF(NOT(ISBLANK('Sales & Targets'!B8)),IF('Sales & Targets'!B8>'Sales & Targets'!F8, "MET", "MISSED"),"") | C8: =IF(NOT(ISBLANK('Sales & Targets'!C8)),IF('Sales & Targets'!C8>'Sales & Targets'!G8, "MET", "MISSED"),"") | D8: =IF(NOT(ISBLANK('Sales & Targets'!D8)),IF('Sales & Targets'!D8>'Sales & Targets'!H8, "MET", "MISSED"),"")
A9: =IF(ISBLANK('Sales & Targets'!A9),"", 'Sales & Targets'!A9) -> July | B9: =IF(NOT(ISBLANK('Sales & Targets'!B9)),IF('Sales & Targets'!B9>'Sales & Targets'!F9, "MET", "MISSED"),"") | C9: =IF(NOT(ISBLANK('Sales & Targets'!C9)),IF('Sales & Targets'!C9>'Sales & Targets'!G9, "MET", "MISSED"),"") | D9: =IF(NOT(ISBLANK('Sales & Targets'!D9)),IF('Sales & Targets'!D9>'Sales & Targets'!H9, "MET", "MISSED"),"")
A10: =IF(ISBLANK('Sales & Targets'!A10),"", 'Sales & Targets'!A10) -> Aug | B10: =IF(NOT(ISBLANK('Sales & Targets'!B10)),IF('Sales & Targets'!B10>'Sales & Targets'!F10, "MET", "MISSED"),"") | C10: =IF(NOT(ISBLANK('Sales & Targets'!C10)),IF('Sales & Targets'!C10>'Sales & Targets'!G10, "MET", "MISSED"),"") | D10: =IF(NOT(ISBLANK('Sales & Targets'!D10)),IF('Sales & Targets'!D10>'Sales & Targets'!H10, "MET", "MISSED"),"")
A11: =IF(ISBLANK('Sales & Targets'!A11),"", 'Sales & Targets'!A11) -> Sept | B11: =IF(NOT(ISBLANK('Sales & Targets'!B11)),IF('Sales & Targets'!B11>'Sales & Targets'!F11, "MET", "MISSED"),"") | C11: =IF(NOT(ISBLANK('Sales & Targets'!C11)),IF('Sales & Targets'!C11>'Sales & Targets'!G11, "MET", "MISSED"),"") | D11: =IF(NOT(ISBLANK('Sales & Targets'!D11)),IF('Sales & Targets'!D11>'Sales & Targets'!H11, "MET", "MISSED"),"")
A12: =IF(ISBLANK('Sales & Targets'!A12),"", 'Sales & Targets'!A12) -> Oct | B12: =IF(NOT(ISBLANK('Sales & Targets'!B12)),IF('Sales & Targets'!B12>'Sales & Targets'!F12, "MET", "MISSED"),"") | C12: =IF(NOT(ISBLANK('Sales & Targets'!C12)),IF('Sales & Targets'!C12>'Sales & Targets'!G12, "MET", "MISSED"),"") | D12: =IF(NOT(ISBLANK('Sales & Targets'!D12)),IF('Sales & Targets'!D12>'Sales & Targets'!H12, "MET", "MISSED"),"")
A13: =IF(ISBLANK('Sales & Targets'!A13),"", 'Sales & Targets'!A13) -> Nov | B13: =IF(NOT(ISBLANK('Sales & Targets'!B13)),IF('Sales & Targets'!B13>'Sales & Targets'!F13, "MET", "MISSED"),"") | C13: =IF(NOT(ISBLANK('Sales & Targets'!C13)),IF('Sales & Targets'!C13>'Sales & Targets'!G13, "MET", "MISSED"),"") | D13: =IF(NOT(ISBLANK('Sales & Targets'!D13)),IF('Sales & Targets'!D13>'Sales & Targets'!H13, "MET", "MISSED"),"")
A14: =IF(ISBLANK('Sales & Targets'!A14),"", 'Sales & Targets'!A14) -> Dec | B14: =IF(NOT(ISBLANK('Sales & Targets'!B14)),IF('Sales & Targets'!B14>'Sales & Targets'!F14, "MET", "MISSED"),"") | C14: =IF(NOT(ISBLANK('Sales & Targets'!C14)),IF('Sales & Targets'!C14>'Sales & Targets'!G14, "MET", "MISSED"),"") | D14: =IF(NOT(ISBLANK('Sales & Targets'!D14)),IF('Sales & Targets'!D14>'Sales & Targets'!H14, "MET", "MISSED"),"")
A16: % | B16: =COUNTIF(B3:B14, "MET")/(COUNTA(B3:B14) - COUNTIF(B3:B14, "")) -> 0.33333333 | C16: =COUNTIF(C3:C14, "MET")/(COUNTA(C3:C14) - COUNTIF(C3:C14, "")) -> 0.33333333 | D16: =COUNTIF(D3:D14, "MET")/(COUNTA(D3:D14) - COUNTIF(D3:D14, "")) -> 0.33333333

Sheet Reference Results
B1: TARGET MET
B2: A | C2: B | D2: C
A3: Jan | B3: MISSED | C3: MET | D3: MISSED
A4: Feb | B4: MISSED | C4: MET | D4: MISSED
A5: Mar | B5: MET | C5: MET | D5: MET
A6: Apr
A7: May
A8: June
A9: July
A10: Aug
A11: Sept
A12: Oct
A13: Nov
A14: Dec
A16: % | B16: 0.33333333 | C16: 1 | D16: 0.33333333

Sheet Per-Cell Validation
B3: =IF('Targets Met'!B3='Reference Results'!B3, "PASS", "FAIL") -> PASS | C3: =IF('Targets Met'!C3='Reference Results'!C3, "PASS", "FAIL") -> FAIL | D3: =IF('Targets Met'!D3='Reference Results'!D3, "PASS", "FAIL") -> PASS
B4: =IF('Targets Met'!B4='Reference Results'!B4, "PASS", "FAIL") -> PASS | C4: =IF('Targets Met'!C4='Reference Results'!C4, "PASS", "FAIL") -> FAIL | D4: =IF('Targets Met'!D4='Reference Results'!D4, "PASS", "FAIL") -> PASS
B5: =IF('Targets Met'!B5='Reference Results'!B5, "PASS", "FAIL") -> PASS | C5: =IF('Targets Met'!C5='Reference Results'!C5, "PASS", "FAIL") -> PASS | D5: =IF('Targets Met'!D5='Reference Results'!D5, "PASS", "FAIL") -> PASS
B6: =IF('Targets Met'!B6='Reference Results'!B6, "PASS", "FAIL") -> PASS | C6: =IF('Targets Met'!C6='Reference Results'!C6, "PASS", "FAIL") -> PASS | D6: =IF('Targets Met'!D6='Reference Results'!D6, "PASS", "FAIL") -> PASS
B7: =IF('Targets Met'!B7='Reference Results'!B7, "PASS", "FAIL") -> PASS | C7: =IF('Targets Met'!C7='Reference Results'!C7, "PASS", "FAIL") -> PASS | D7: =IF('Targets Met'!D7='Reference Results'!D7, "PASS", "FAIL") -> PASS
B8: =IF('Targets Met'!B8='Reference Results'!B8, "PASS", "FAIL") -> PASS | C8: =IF('Targets Met'!C8='Reference Results'!C8, "PASS", "FAIL") -> PASS | D8: =IF('Targets Met'!D8='Reference Results'!D8, "PASS", "FAIL") -> PASS
B9: =IF('Targets Met'!B9='Reference Results'!B9, "PASS", "FAIL") -> PASS | C9: =IF('Targets Met'!C9='Reference Results'!C9, "PASS", "FAIL") -> PASS | D9: =IF('Targets Met'!D9='Reference Results'!D9, "PASS", "FAIL") -> PASS
B10: =IF('Targets Met'!B10='Reference Results'!B10, "PASS", "FAIL") -> PASS | C10: =IF('Targets Met'!C10='Reference Results'!C10, "PASS", "FAIL") -> PASS | D10: =IF('Targets Met'!D10='Reference Results'!D10, "PASS", "FAIL") -> PASS
B11: =IF('Targets Met'!B11='Reference Results'!B11, "PASS", "FAIL") -> PASS | C11: =IF('Targets Met'!C11='Reference Results'!C11, "PASS", "FAIL") -> PASS | D11: =IF('Targets Met'!D11='Reference Results'!D11, "PASS", "FAIL") -> PASS
B12: =IF('Targets Met'!B12='Reference Results'!B12, "PASS", "FAIL") -> PASS | C12: =IF('Targets Met'!C12='Reference Results'!C12, "PASS", "FAIL") -> PASS | D12: =IF('Targets Met'!D12='Reference Results'!D12, "PASS", "FAIL") -> PASS
B13: =IF('Targets Met'!B13='Reference Results'!B13, "PASS", "FAIL") -> PASS | C13: =IF('Targets Met'!C13='Reference Results'!C13, "PASS", "FAIL") -> PASS | D13: =IF('Targets Met'!D13='Reference Results'!D13, "PASS", "FAIL") -> PASS
B14: =IF('Targets Met'!B14='Reference Results'!B14, "PASS", "FAIL") -> PASS | C14: =IF('Targets Met'!C14='Reference Results'!C14, "PASS", "FAIL") -> PASS | D14: =IF('Targets Met'!D14='Reference Results'!D14, "PASS", "FAIL") -> PASS
B16: =IF('Targets Met'!B16='Reference Results'!B16, "PASS", "FAIL") -> PASS | C16: =IF('Targets Met'!C16='Reference Results'!C16, "PASS", "FAIL") -> FAIL | D16: =IF('Targets Met'!D16='Reference Results'!D16, "PASS", "FAIL") -> PASS

Sheet PASS & FAIL STATS
A3: Passes | B3: =COUNTIF('Per-Cell Validation'!B3:D14, "PASS") + COUNTIF('Per-Cell Validation'!B16:D16, "PASS") -> 36
A4: Failures | B4: =COUNTA('Per-Cell Validation'!B3:D14) + COUNTA('Per-Cell Validation'!B16:D16) - B3 -> 3
A6: Percentage Pass | B6: =B3/(B3+B4) -> 0.92307692
