Workbook

Sheet Sales & Targets
B1: STORE SALES | F1: STORE TARGETS
B2: A | C2: B | D2: C | F2: A | G2: B | H2: C
A3: Jan | B3: 1 | C3: 2 | D3: 3 | F3: 2 | G3: 2 | H3: 4
A4: Feb | B4: 4 | C4: 5 | D4: 6 | F4: 6 | G4: 5 | H4: 8
A5: Mar | B5: 7 | C5: 8 | D5: 9 | F5: 3 | G5: 3 | H5: 6
A6: Apr
A7: May
A8: June
A9: July
A10: Aug
A11: Sept
A12: Oct
A13: Nov
A14: Dec

Sheet Targets Met
B1: TARGET MET
B2: A | C2: B | D2: C
A3: =IF(ISBLANK('Sales & Targets'!A3),"", 'Sales & Targets'!A3) -> Jan | B3: =IF(NOT(ISBLANK('Sales & Targets'!B3)),IF('Sales & Targets'!B3>'Sales & Targets'!F3, "MET", "MISSED"),"") -> MISSED | C3: =IF(NOT(ISBLANK('Sales & Targets'!C3)),IF('Sales & Targets'!C3>'Sales & Targets'!G3, "MET", "MISSED"),"") -> MISSED | D3: =IF(NOT(ISBLANK('Sales & Targets'!D3)),IF('Sales & Targets'!D3>'Sales & Targets'!H3, "MET", "MISSED"),"") -> MISSED
A4: =IF(ISBLANK('Sales & Targets'!A4),"", 'Sales & Targets'!A4) -> Feb | B4: =IF(NOT(ISBLANK('Sales & Targets'!B4)),IF('Sales & Targets'!B4>'Sales & Targets'!F4, "MET", "MISSED"),"") -> MISSED | C4: =IF(NOT(ISBLANK('Sales & Targets'!C4)),IF('Sales & Targets'!C4>'Sales & Targets'!G4, "MET", "MISSED"),"") -> MISSED | D4: =IF(NOT(ISBLANK('Sales & Targets'!D4)),IF('Sales & Targets'!D4>'Sales & Targets'!H4, "MET", "MISSED"),"") -> MISSED
A5: =IF(ISBLANK('Sales & Targets'!A5),"", 'Sales & Targets'!A5) -> Mar | B5: =IF(NOT(ISBLANK('Sales & Targets'!B5)),IF('Sales & Targets'!B5>'Sales & Targets'!F5, "MET", "MISSED"),"") -> MET | C5: =IF(NOT(ISBLANK('Sales & Targets'!C5)),IF('Sales & Targets'!C5>'Sales & Targets'!G5, "MET", "MISSED"),"") -> MET | D5: =IF(NOT(ISBLANK('Sales & Targets'!D5)),IF('Sales & Targets'!D5>'Sales & Targets'!H5, "MET", "MISSED"),"") -> MET
A6: =IF(ISBLANK('Sales & Targets'!A6),"", 'Sales & Targets'!A6) -> Apr | B6: =IF(NOT(ISBLANK('Sales & Targets'!B6)),IF('Sales & Targets'!B6>'Sales & Targets'!F6, "MET", "MISSED"),"") | C6: =IF(NOT(ISBLANK('Sales & Targets'!C6)),IF('Sales & Targets'!C6>'Sales & Targets'!G6, "MET", "MISSED"),"") | D6: =IF(NOT(ISBLANK('Sales & Targets'!D6)),IF('Sales & Targets'!D6>'Sales & Targets'!H6, "MET", "MISSED"),"")
A7: =IF(ISBLANK('Sales & Targets'!A7),"", 'Sales & Targets'!A7) -> May | B7: =IF(NOT(ISBLANK('Sales & Targets'!B7)),IF('Sales & Targets'!B7>'Sales & Targets'!F7, "MET", "MISSED"),"") | C7: =IF(NOT(ISBLANK('Sales & Targets'!C7)),IF('Sales & Targets'!C7>'Sales & Targets'!G7, "MET", "MISSED"),"") | D7: =IF(NOT(ISBLANK('Sales & Targets'!D7)),IF('Sales & Targets'!D7>'Sales & Targets'!H7, "MET", "MISSED"),"")
A8: =IF(ISBLANK('Sales & Targets'!A8),"", 'Sales & Targets'!A8) -> June | B8: =IF(NOT(ISBLANK('Sales & Targets'!B8)),IF('Sales & Targets'!B8>'Sales & Targets'!F8, "MET", "MISSED"),"") | C8: =IF(NOT(ISBLANK('Sales & Targets'!C8)),IF('Sales & Targets'!C8>'Sales & Targets'!G8, "MET", "MISSED"),"") | D8: =IF(NOT(ISBLANK('Sales & Targets'!D8)),IF('Sales & Targets'!D8>'Sales & Targets'!H8, "MET", "MISSED"),"")
A9: =IF(ISBLANK('Sales & Targets'!A9),"", 'Sales & Targets'!A9) -> July | B9: =IF(NOT(ISBLANK('Sales & Targets'!B9)),IF('Sales & Targets'!B9>'Sales & Targets'!F9, "MET", "MISSED"),"") | C9: =IF(NOT(ISBLANK('Sales & Targets'!C9)),IF('Sales & Targets'!C9>'Sales & Targets'!G9, "MET", "MISSED"),"") | D9: =IF(NOT(ISBLANK('Sales & Targets'!D9)),IF('Sales & Targets'!D9>'Sales & Targets'!H9, "MET", "MISSED"),"")
A10: =IF(ISBLANK('Sales & Targets'!A10),"", 'Sales & Targets'!A10) -> Aug | B10: =IF(NOT(ISBLANK('Sales & Targets'!B10)),IF('Sales & Targets'!B10>'Sales & Targets'!F10, "MET", "MISSED"),"") | C10: =IF(NOT(ISBLANK('Sales & Targets'!C10)),IF('Sales & Targets'!C10>'Sales & Targets'!G10, "MET", "MISSED"),"") | D10: =IF(NOT(ISBLANK('Sales & Targets'!D10)),IF('Sales & Targets'!D10>'Sales & Targets'!H10, "MET", "MISSED"),"")
A11: =IF(ISBLANK('Sales & Targets'!A11),"", 'Sales & Targets'!A11) -> Sept | B11: =IF(NOT(ISBLANK('Sales & Targets'!B11)),IF('Sales & Targets'!B11>'Sales & Targets'!F11, "MET", "MISSED"),"") | C11: =IF(NOT(ISBLANK('Sales & Targets'!C11)),IF('Sales & Targets'!C11>'Sales & Targets'!G11, "MET", "MISSED"),"") | D11: =IF(NOT(ISBLANK('Sales & Targets'!D11)),IF('Sales & Targets'!D11>'Sales & Targets'!H11, "MET", "MISSED"),"")
A12: =IF(ISBLANK('Sales & Targets'!A12),"", 'Sales & Targets'!A12) -> Oct | B12: =IF(NOT(ISBLANK('Sales & Targets'!B12)),IF('Sales & Targets'!B12>'Sales & Targets'!F12, "MET", "MISSED"),"") | C12: =IF(NOT(ISBLANK('Sales & Targets'!C12)),IF('Sales & Targets'!C12>'Sales & Targets'!G12, "MET", "MISSED"),"") | D12: =IF(NOT(ISBLANK('Sales & Targets'!D12)),IF('Sales & Targets'!D12>'Sales & Targets'!H12, "MET", "MISSED"),"")
A13: =IF(ISBLANK('Sales & Targets'!A13),"", 'Sales & Targets'!A13) -> Nov | B13: =IF(NOT(ISBLANK('Sales & Targets'!B13)),IF('Sales & Targets'!B13>'Sales & Targets'!F13, "MET", "MISSED"),"") | C13: =IF(NOT(ISBLANK('Sales & Targets'!C13)),IF('Sales & Targets'!C13>'Sales & Targets'!G13, "MET", "MISSED"),"") | D13: =IF(NOT(ISBLANK('Sales & Targets'!D13)),IF('Sales & Targets'!D13>'Sales & Targets'!H13, "MET", "MISSED"),"")
A14: =IF(ISBLANK('Sales & Targets'!A14),"", 'Sales & Targets'!A14) -> Dec | B14: =IF(NOT(ISBLANK('Sales & Targets'!B14)),IF('Sales & Targets'!B14>'Sales & Targets'!F14, "MET", "MISSED"),"") | C14: =IF(NOT(ISBLANK('Sales & Targets'!C14)),IF('Sales & Targets'!C14>'Sales & Targets'!G14, "MET", "MISSED"),"") | D14: =IF(NOT(ISBLANK('Sales & Targets'!D14)),IF('Sales & Targets'!D14>'Sales & Targets'!H14, "MET", "MISSED"),"")
A16: % | B16: =COUNTIF(B3:B14, "MET")/(COUNTA(B3:B14) - COUNTIF(B3:B14, "")) -> 0.33333333 | C16: =COUNTIF(C3:C14, "MET")/(COUNTA(C3:C14) - COUNTIF(C3:C14, "")) -> 0.33333333 | D16: =COUNTIF(D3:D14, "MET")/(COUNTA(D3:D14) - COUNTIF(D3:D14, "")) -> 0.33333333
